{"errors":[],"warnings":[],"namedChunkGroups":{"app":{"chunks":[5,4,1,0],"assets":["webpack-runtime-b01e15fb5f0f24c58f1c.js","webpack-runtime-b01e15fb5f0f24c58f1c.js.map","styles.cc3c41297f4921683550.css","styles-0d52d3508558aba7ce7b.js","styles-0d52d3508558aba7ce7b.js.map","commons-7c58a2877260feb915d1.js","commons-7c58a2877260feb915d1.js.map","app-50c6bc54baac85ac20de.js","app-50c6bc54baac85ac20de.js.map"],"children":{},"childAssets":{}},"component---src-pages-index-js":{"chunks":[2],"assets":["component---src-pages-index-js-d4a07dc2d6a5fea1738c.js","component---src-pages-index-js-d4a07dc2d6a5fea1738c.js.map"],"children":{},"childAssets":{}},"component---src-pages-login-js":{"chunks":[3],"assets":["component---src-pages-login-js-e6affa22aeeb73000dc1.js","component---src-pages-login-js-e6affa22aeeb73000dc1.js.map"],"children":{},"childAssets":{}}},"assetsByChunkName":{"app":["webpack-runtime-b01e15fb5f0f24c58f1c.js","styles.cc3c41297f4921683550.css","styles-0d52d3508558aba7ce7b.js","commons-7c58a2877260feb915d1.js","app-50c6bc54baac85ac20de.js"],"component---src-pages-index-js":["component---src-pages-index-js-d4a07dc2d6a5fea1738c.js"],"component---src-pages-login-js":["component---src-pages-login-js-e6affa22aeeb73000dc1.js"]}}